date,num_posts,avg_positive,avg_negative,avg_neutral,avg_compound
2024-06-28,3,0.1447,0.0297,0.8257,0.7572
2024-06-29,1,0.183,0.007,0.81,0.9911
2024-07-01,3,0.233,0.0,0.767,0.6216
2024-07-03,1,0.122,0.0,0.878,0.8674
2024-07-05,4,0.2945,0.0045,0.701,0.5708
2024-07-08,5,0.0998,0.0326,0.8672,0.7465
2024-07-09,2,0.0985,0.0135,0.888,0.9159
2024-07-10,3,0.03,0.0353,0.9347,0.022
2024-07-11,4,0.1852,0.0137,0.801,0.7931
2024-07-15,2,0.082,0.0325,0.8855,0.9458
2024-07-17,3,0.105,0.121,0.7743,0.2957
2024-07-21,1,0.106,0.072,0.822,0.9908
2024-07-23,1,0.0,0.096,0.904,-0.5661
2024-07-24,2,0.0935,0.058,0.8485,0.9401
2024-07-25,1,0.129,0.0,0.871,0.8299
2024-07-26,1,0.133,0.019,0.849,0.9604
2024-07-29,2,0.0,0.0835,0.9165,-0.148
2024-07-30,3,0.0583,0.0257,0.916,0.301
2024-07-31,2,0.0915,0.0215,0.887,0.4144
2024-08-01,7,0.093,0.022,0.885,0.2821
2024-08-02,3,0.1303,0.051,0.8187,0.971
2024-08-03,5,0.0766,0.0764,0.847,0.0954
2024-08-04,3,0.0,0.0293,0.9707,-0.2464
2024-08-05,3,0.15,0.01,0.84,0.6133
2024-08-06,4,0.107,0.062,0.831,0.2138
2024-08-09,4,0.0938,0.0733,0.833,0.3092
2024-08-10,1,0.176,0.065,0.759,0.9944
2024-08-11,3,0.0,0.0493,0.9507,-0.1273
2024-08-13,2,0.079,0.0825,0.839,0.0585
2024-08-14,3,0.185,0.0077,0.8073,0.7921
2024-08-15,3,0.0777,0.0993,0.823,0.1365
2024-08-16,1,0.096,0.027,0.877,0.9507
2024-08-17,2,0.065,0.042,0.8935,0.4518
2024-08-18,1,0.0,0.0,1.0,0.0
2024-08-21,1,0.126,0.019,0.855,0.9874
2024-08-22,2,0.038,0.126,0.836,0.0062
2024-08-25,1,0.153,0.081,0.766,0.9087
2024-08-26,3,0.0957,0.0287,0.876,0.8477
2024-08-27,1,0.055,0.018,0.926,0.9873
2024-08-28,2,0.0765,0.0405,0.883,0.6865
2024-08-29,3,0.1367,0.031,0.8327,0.7421
2024-08-30,2,0.115,0.0,0.885,0.7999
2024-08-31,3,0.0873,0.0187,0.894,0.7106
2024-09-01,1,0.049,0.058,0.893,-0.5866
2024-09-02,2,0.0885,0.0455,0.866,0.2991
2024-09-04,2,0.065,0.046,0.889,0.8284
2024-09-05,1,0.076,0.04,0.884,0.8953
2024-09-06,1,0.095,0.036,0.869,0.9943
2024-09-07,1,0.041,0.088,0.871,-0.6315
2024-09-08,1,0.149,0.021,0.83,0.9913
2024-09-09,4,0.0165,0.078,0.9055,0.0695
2024-09-10,5,0.0476,0.0292,0.9232,0.4191
2024-09-11,1,0.082,0.083,0.835,-0.3552
2024-09-12,2,0.0705,0.1505,0.779,-0.2957
2024-09-14,2,0.0495,0.0,0.9505,0.3036
2024-09-15,1,0.141,0.103,0.756,0.497
2024-09-16,2,0.081,0.013,0.906,0.89
2024-09-17,2,0.03,0.0095,0.96,0.3247
2024-09-18,1,0.039,0.084,0.876,-0.6485
2024-09-20,2,0.121,0.0,0.879,0.4921
2024-09-21,1,0.137,0.034,0.829,0.7341
2024-09-22,1,0.191,0.056,0.753,0.9737
2024-09-25,2,0.2245,0.065,0.711,0.9132
2024-09-26,1,0.167,0.0,0.833,0.9477
2024-09-28,1,0.138,0.071,0.791,0.7419
2024-09-29,1,0.113,0.063,0.824,0.9996
2024-09-30,2,0.15,0.025,0.825,0.8071
2024-10-01,2,0.132,0.0895,0.778,0.0003
2024-10-03,1,0.04,0.104,0.856,-0.6996
2024-10-05,2,0.099,0.016,0.885,0.9602
2024-10-07,2,0.101,0.065,0.8345,0.9505
2024-10-09,1,0.05,0.018,0.932,0.7269
2024-10-10,1,0.11,0.0,0.89,0.7906
2024-10-11,1,0.176,0.059,0.765,0.9765
2024-10-13,1,0.067,0.166,0.766,-0.3009
2024-10-17,1,0.103,0.129,0.768,-0.9741
2024-10-18,4,0.0507,0.0083,0.9413,0.4263
2024-10-19,1,0.051,0.06,0.888,0.2168
2024-10-20,2,0.0455,0.007,0.947,0.4991
2024-10-23,3,0.1163,0.0633,0.821,0.6109
2024-10-25,1,0.026,0.05,0.924,-0.466
2024-10-28,1,0.102,0.076,0.821,0.8727
2024-10-29,1,0.112,0.044,0.844,0.9851
2024-10-30,1,0.172,0.029,0.798,0.9311
2024-10-31,1,0.092,0.038,0.871,0.9512
2024-11-01,6,0.122,0.0253,0.8527,0.6446
2024-11-02,3,0.1367,0.051,0.8123,0.8198
2024-11-04,4,0.1177,0.0085,0.8738,0.7058
2024-11-07,2,0.1405,0.054,0.8055,0.6843
2024-11-09,1,0.143,0.042,0.815,0.7003
2024-11-10,1,0.052,0.0,0.948,0.8355
2024-11-11,3,0.0607,0.0017,0.938,0.3796
2024-11-12,2,0.142,0.1055,0.7525,0.2588
2024-11-13,2,0.103,0.0285,0.8685,0.4869
2024-11-18,1,0.087,0.0,0.913,0.7777
2024-11-20,2,0.13,0.024,0.846,0.5103
2024-11-21,1,0.122,0.03,0.848,0.9192
2024-11-26,1,0.186,0.104,0.709,0.6027
2024-11-27,2,0.0785,0.0735,0.848,0.0381
2024-11-28,1,0.177,0.083,0.74,0.7345
2024-11-29,1,0.168,0.03,0.802,0.9908
2024-11-30,1,0.109,0.069,0.822,0.9956
2024-12-01,1,0.21,0.0,0.79,0.7717
2024-12-02,2,0.039,0.0545,0.9065,0.1622
2024-12-03,4,0.0708,0.0515,0.8778,0.4704
2024-12-05,1,0.073,0.009,0.919,0.9594
2024-12-06,1,0.17,0.013,0.817,0.9971
2024-12-07,1,0.129,0.018,0.853,0.9485
2024-12-08,2,0.1135,0.073,0.813,0.1107
2024-12-10,1,0.262,0.0,0.738,0.9097
2024-12-11,1,0.014,0.124,0.862,-0.8924
2024-12-12,2,0.1235,0.0485,0.8275,0.662
2024-12-13,3,0.0997,0.0557,0.8447,-0.0134
2024-12-14,1,0.021,0.046,0.933,-0.6908
2024-12-16,4,0.0978,0.0258,0.8768,0.9406
2024-12-17,1,0.185,0.149,0.665,0.7586
2024-12-18,1,0.0,0.187,0.813,-0.4574
2024-12-19,3,0.107,0.0593,0.834,0.8073
2024-12-20,1,0.129,0.064,0.808,0.8841
2024-12-21,3,0.2627,0.0167,0.7207,0.8761
2024-12-25,1,0.197,0.197,0.606,0.0
2024-12-26,1,0.161,0.021,0.817,0.9966
2024-12-28,1,0.044,0.056,0.9,-0.3801
2024-12-30,1,0.05,0.07,0.881,-0.6632
2024-12-31,3,0.133,0.033,0.834,0.8819
2025-01-01,2,0.115,0.039,0.846,0.7987
2025-01-03,2,0.1075,0.0345,0.858,0.7938
2025-01-05,1,0.092,0.037,0.872,0.9434
2025-01-08,3,0.046,0.053,0.9017,0.1765
2025-01-09,2,0.101,0.0275,0.8715,0.7553
2025-01-11,4,0.0927,0.029,0.8787,0.7409
2025-01-12,1,0.043,0.097,0.86,-0.3939
2025-01-13,1,0.097,0.023,0.88,0.9429
2025-01-15,1,0.0,0.108,0.892,-0.7317
2025-01-17,1,0.096,0.011,0.893,0.9983
2025-01-19,1,0.0,0.0,1.0,0.0
2025-01-21,2,0.177,0.0445,0.7785,0.1925
2025-01-22,1,0.105,0.049,0.847,0.886
2025-01-23,3,0.115,0.136,0.7487,0.0746
2025-01-24,2,0.162,0.0195,0.8185,0.6179
2025-01-25,3,0.1353,0.0187,0.846,0.7991
2025-01-26,1,0.092,0.066,0.842,0.7755
2025-01-27,3,0.0447,0.082,0.873,0.2692
2025-01-28,5,0.1214,0.0502,0.8286,0.4537
2025-01-29,1,0.115,0.065,0.82,0.9939
2025-01-30,4,0.0835,0.1395,0.777,0.23
2025-01-31,3,0.1077,0.0663,0.826,0.759
2025-02-01,1,0.078,0.028,0.894,0.7536
2025-02-04,5,0.1482,0.0562,0.7958,0.3933
2025-02-05,1,0.017,0.048,0.935,-0.6928
2025-02-07,3,0.034,0.077,0.889,0.1822
2025-02-09,1,0.182,0.035,0.784,0.9884
2025-02-10,2,0.1545,0.014,0.831,0.9966
2025-02-12,3,0.1253,0.039,0.8353,0.9505
2025-02-14,3,0.0447,0.0617,0.8937,0.0779
2025-02-15,3,0.1177,0.056,0.8267,0.8336
2025-02-17,3,0.089,0.0413,0.8697,0.658
2025-02-18,3,0.091,0.0377,0.8713,0.4881
2025-02-19,2,0.0575,0.1545,0.7885,-0.247
2025-02-20,1,0.092,0.056,0.852,0.9245
2025-02-21,1,0.108,0.027,0.865,0.9292
2025-02-22,1,0.183,0.0,0.817,0.9209
2025-02-23,1,0.117,0.04,0.843,0.9972
2025-02-24,4,0.0897,0.0045,0.9055,0.5649
2025-02-25,2,0.1375,0.0365,0.826,0.7497
2025-02-26,1,0.177,0.023,0.8,0.9871
2025-02-28,1,0.049,0.083,0.868,-0.2014
2025-03-01,3,0.0857,0.0267,0.888,0.6923
2025-03-02,2,0.08,0.0345,0.8855,0.6945
2025-03-03,3,0.0233,0.036,0.9407,0.0318
2025-03-06,2,0.1085,0.101,0.7905,0.372
2025-03-08,1,0.067,0.0,0.933,0.7229
2025-03-10,4,0.0432,0.0602,0.8965,-0.1231
2025-03-11,1,0.08,0.073,0.847,0.7214
2025-03-12,3,0.1117,0.0213,0.867,0.6072
2025-03-15,2,0.145,0.0905,0.7645,0.9181
2025-03-16,1,0.0,0.09,0.91,-0.8481
2025-03-17,3,0.1957,0.0367,0.7677,0.8434
2025-03-19,6,0.1018,0.0545,0.8435,0.7513
2025-03-20,3,0.0987,0.0613,0.8403,0.3475
2025-03-21,2,0.1075,0.03,0.862,0.5618
2025-03-22,1,0.102,0.076,0.822,0.864
2025-03-23,1,0.071,0.05,0.879,0.8819
2025-03-24,3,0.0747,0.003,0.9223,0.6083
2025-03-25,1,0.085,0.05,0.865,0.8832
2025-03-28,2,0.089,0.0895,0.822,-0.0786
2025-03-29,3,0.076,0.02,0.904,0.4351
2025-03-31,1,0.074,0.031,0.895,0.9657
2025-04-01,1,0.096,0.064,0.84,0.7968
2025-04-02,3,0.0437,0.07,0.8863,-0.0657
2025-04-03,11,0.084,0.0535,0.8625,0.1842
2025-04-04,10,0.099,0.0714,0.8295,0.2604
2025-04-05,1,0.205,0.052,0.743,0.9878
2025-04-06,4,0.1087,0.045,0.8462,0.4613
2025-04-07,3,0.0913,0.033,0.8757,0.8935
2025-04-08,4,0.0155,0.0077,0.9768,0.2369
2025-04-09,12,0.0842,0.1122,0.8037,0.0284
2025-04-10,7,0.0699,0.1593,0.7709,0.1936
2025-04-11,5,0.0876,0.1054,0.807,-0.1191
2025-04-12,14,0.0966,0.0474,0.8561,0.3009
2025-04-13,1,0.058,0.045,0.897,0.4515
2025-04-14,5,0.08,0.111,0.8092,0.4098
2025-04-15,1,0.069,0.036,0.894,0.7783
2025-04-16,2,0.0905,0.063,0.847,0.3272
2025-04-17,2,0.0735,0.031,0.895,0.4999
2025-04-18,2,0.089,0.015,0.896,0.4865
2025-04-19,2,0.0745,0.095,0.8305,-0.7339
2025-04-20,1,0.043,0.042,0.915,0.1548
2025-04-21,1,0.122,0.053,0.825,0.9226
2025-04-22,2,0.073,0.0525,0.874,0.3558
2025-04-23,4,0.0467,0.041,0.9123,-0.059
2025-04-24,1,0.0,0.0,1.0,0.0
2025-04-25,3,0.1183,0.0543,0.8273,0.8598
2025-04-26,4,0.1785,0.022,0.7997,0.9281
2025-04-28,2,0.074,0.068,0.8575,0.054
2025-04-29,1,0.159,0.038,0.803,0.9991
2025-05-01,7,0.1851,0.0464,0.7683,0.7497
2025-05-02,4,0.0377,0.0,0.9623,0.2275
2025-05-03,6,0.0843,0.0075,0.908,0.3236
2025-05-04,1,0.119,0.0,0.881,0.8806
2025-05-05,4,0.0747,0.0515,0.8738,-0.0045
2025-05-06,4,0.1098,0.0657,0.8247,0.4446
2025-05-07,11,0.0876,0.0277,0.8845,0.5172
2025-05-08,4,0.1512,0.0318,0.8173,0.547
2025-05-09,2,0.1065,0.0555,0.838,0.2118
2025-05-10,1,0.078,0.036,0.886,0.8892
2025-05-11,3,0.0983,0.0233,0.8783,0.6229
2025-05-12,5,0.1414,0.0438,0.815,0.4426
2025-05-13,1,0.159,0.064,0.777,0.9354
2025-05-14,5,0.132,0.0672,0.8006,0.3172
2025-05-16,2,0.1005,0.011,0.8885,0.4879
2025-05-17,1,0.222,0.0,0.778,0.9581
2025-05-19,3,0.1533,0.046,0.8007,0.3496
2025-05-20,5,0.112,0.0776,0.8104,0.1923
2025-05-21,4,0.0248,0.1018,0.8732,-0.1583
2025-05-22,5,0.156,0.0608,0.783,0.9767
2025-05-23,6,0.0462,0.0693,0.8845,-0.1613
2025-05-24,3,0.0803,0.034,0.886,0.6028
2025-05-25,1,0.078,0.022,0.9,0.9813
2025-05-26,2,0.0855,0.0515,0.863,0.8552
2025-05-27,2,0.074,0.074,0.8515,0.0601
2025-05-29,5,0.0912,0.0502,0.8586,0.525
2025-05-31,2,0.114,0.042,0.8435,0.8933
2025-06-01,1,0.143,0.017,0.84,0.9543
2025-06-02,1,0.042,0.018,0.941,0.4505
2025-06-03,2,0.0915,0.0365,0.872,0.7702
2025-06-04,2,0.1075,0.0425,0.8505,0.1317
2025-06-05,3,0.1463,0.0487,0.8053,0.9566
2025-06-06,2,0.0945,0.0455,0.8595,0.8667
2025-06-07,2,0.1205,0.0645,0.815,-0.3363
2025-06-08,4,0.0963,0.0318,0.8723,0.6405
2025-06-09,7,0.1161,0.0699,0.814,0.5365
2025-06-10,5,0.1532,0.0236,0.8232,0.6978
2025-06-11,6,0.098,0.084,0.818,0.1943
2025-06-12,3,0.1217,0.0247,0.8533,0.8234
2025-06-13,2,0.1175,0.0375,0.845,0.951
2025-06-14,2,0.163,0.0755,0.7615,0.8328
2025-06-15,1,0.077,0.108,0.816,-0.3446
2025-06-17,2,0.0635,0.03,0.906,0.4905
2025-06-18,2,0.0855,0.0095,0.905,0.8158
2025-06-19,3,0.059,0.1203,0.8207,0.0925
2025-06-20,1,0.207,0.026,0.767,0.9975
2025-06-21,5,0.1412,0.0476,0.8112,0.8044
2025-06-22,1,0.063,0.009,0.928,0.903
2025-06-23,2,0.085,0.079,0.836,0.3293
2025-06-24,4,0.117,0.0312,0.8515,0.9133
2025-06-25,2,0.1255,0.093,0.7815,0.4634
2025-06-26,1,0.092,0.052,0.856,0.9569
