date,num_posts,avg_positive,avg_negative,avg_neutral,avg_compound,Date,Close_AAPL,High_AAPL,Low_AAPL,Open_AAPL,Volume_AAPL
2024-06-28,3,0.1447,0.0297,0.8257,0.7572,2024-06-28,209.63955688476562,215.06419922920637,209.3210543856748,214.76559269472423,82542700
2024-07-01,3,0.233,0.0,0.767,0.6216,2024-07-01,215.7410430908203,216.4974998735104,210.933524598722,211.10273143743845,60402900
2024-07-03,1,0.122,0.0,0.878,0.8674,2024-07-03,220.51870727539062,220.51870727539062,218.01043340115498,218.97591935149836,37369800
2024-07-05,4,0.2945,0.0045,0.701,0.5708,2024-07-05,225.28640747070312,225.39589603978789,220.61823649717394,220.61823649717394,60412400
2024-07-08,5,0.0998,0.0326,0.8672,0.7465,2024-07-08,226.759521484375,226.78938062149984,222.21078721739227,226.03290864697604,59085900
2024-07-09,2,0.0985,0.0135,0.888,0.9159,2024-07-09,227.61550903320312,228.33215871662,225.3162642938077,226.8690002119573,48076100
2024-07-10,3,0.03,0.0353,0.9347,0.022,2024-07-10,231.89549255371094,231.9950331368443,228.1828596567971,228.23262994836378,62627700
2024-07-11,4,0.1852,0.0137,0.801,0.7931,2024-07-11,226.5106964111328,231.30825199534104,224.7190721562944,230.31290687462652,64710600
2024-07-15,2,0.082,0.0325,0.8855,0.9458,2024-07-15,233.3088836669922,236.12571210202407,232.00498402552307,235.37920328245679,62631300
2024-07-17,3,0.105,0.121,0.7743,0.2957,2024-07-17,227.8145751953125,230.38256719376508,225.5849968618027,228.38191396445072,57345900
2024-07-23,1,0.0,0.096,0.904,-0.5661,2024-07-23,223.9626007080078,225.88362469345716,221.6434447483752,223.32558043665784,39960300
2024-07-24,2,0.0935,0.058,0.8485,0.9401,2024-07-24,217.522705078125,223.75357494115906,216.1192800710717,222.9572958470105,61777600
2024-07-25,1,0.129,0.0,0.871,0.8299,2024-07-25,216.4776153564453,219.8219755631398,213.62096453779796,217.91089956980477,51391200
2024-07-26,1,0.133,0.019,0.849,0.9604,2024-07-26,216.94541931152344,218.46829606182757,215.0044842643322,217.6819649471348,41601300
2024-07-29,2,0.0,0.0835,0.9165,-0.148,2024-07-29,217.22412109375,218.27918447457574,214.74570631572197,215.95008057489312,36311800
2024-07-30,3,0.0583,0.0257,0.916,0.301,2024-07-30,217.78150939941406,219.30438617677734,215.11397665237357,218.16969337819762,41643800
2024-07-31,2,0.0915,0.0215,0.887,0.4144,2024-07-31,221.04623413085938,222.77814001369308,219.60298682237814,220.40921389598267,50036300
2024-08-01,7,0.093,0.022,0.885,0.2821,2024-08-01,217.3435516357422,223.43505864730554,216.0097928775357,223.3255700813178,62501000
2024-08-02,3,0.1303,0.051,0.8187,0.971,2024-08-02,218.83656311035156,224.54984915998065,216.69657732981517,218.1298614428512,105568600
2024-08-05,3,0.15,0.01,0.84,0.6133,2024-08-05,208.29586791992188,212.506173331003,195.0876345333798,198.16324716744046,119548600
2024-08-06,4,0.107,0.062,0.831,0.2138,2024-08-06,206.26535034179688,209.01251239840335,200.13403637997632,204.34434168651262,69660500
2024-08-09,4,0.0938,0.0733,0.833,0.3092,2024-08-09,215.2334442138672,215.77092392101787,210.98331610147795,211.1127158331721,42201600
2024-08-13,2,0.079,0.0825,0.839,0.0585,2024-08-13,220.49493408203125,221.11275746457662,218.2428407360094,218.2428407360094,44155300
2024-08-14,3,0.185,0.0077,0.8073,0.7921,2024-08-14,220.943359375,222.24876826808693,218.93043078284688,219.7973936824548,41960600
2024-08-15,3,0.0777,0.0993,0.823,0.1365,2024-08-15,223.93284606933594,224.56064415441705,221.97970491871703,223.81327127421198,46414000
2024-08-16,1,0.096,0.027,0.877,0.9507,2024-08-16,225.25819396972656,226.03546056539557,222.86659157853387,223.1356500786779,44340200
2024-08-21,1,0.126,0.019,0.855,0.9874,2024-08-21,225.60694885253906,227.18141617539888,224.2616868222014,225.72653885026273,34765500
2024-08-22,2,0.038,0.126,0.836,0.0062,2024-08-22,223.74351501464844,227.5401669123529,223.11571691317775,226.9920904114928,43695300
2024-08-26,3,0.0957,0.0287,0.876,0.8477,2024-08-26,226.38421630859375,226.48387210620078,223.10574735994538,225.96568932825608,30602200
2024-08-27,1,0.055,0.018,0.926,0.9873,2024-08-27,227.2312469482422,228.04838192077386,224.1022464634546,225.20835892301574,35934600
2024-08-28,2,0.0765,0.0405,0.883,0.6865,2024-08-28,225.69664001464844,229.05483047059747,224.8894645684117,227.1216236092518,38052200
2024-08-29,3,0.1367,0.031,0.8327,0.7421,2024-08-29,228.98509216308594,232.10413336375854,228.07829123837303,229.29401907737392,51906300
2024-08-30,2,0.115,0.0,0.885,0.7999,2024-08-30,228.19786071777344,229.59295072736154,226.68318070354871,229.38369482859366,52990800
2024-09-04,2,0.065,0.046,0.889,0.8284,2024-09-04,220.07640075683594,221.00313580397116,216.71819503548093,220.88356101217042,43840200
2024-09-05,1,0.076,0.04,0.884,0.8953,2024-09-05,221.6010284423828,224.690160307972,220.7440403340526,220.85365562251366,36615400
2024-09-06,1,0.095,0.036,0.869,0.9943,2024-09-06,220.04652404785156,224.45103994819866,219.000198922793,223.16555001573386,48423000
2024-09-09,4,0.0165,0.078,0.9055,0.0695,2024-09-09,220.1361846923828,220.4949242674857,215.95089978640883,220.04650359994196,67180000
2024-09-10,5,0.0476,0.0292,0.9232,0.4191,2024-09-10,219.33900451660156,220.7042008473601,215.97083903478983,218.1531703875452,51591000
2024-09-11,1,0.082,0.083,0.835,-0.3552,2024-09-11,221.8800506591797,222.3085371188772,217.12675517633116,220.6842571655674,44587100
2024-09-12,2,0.0705,0.1505,0.779,-0.2957,2024-09-12,221.9896697998047,222.7669363444001,219.05000630879996,221.72061131734026,37498200
2024-09-16,2,0.081,0.013,0.906,0.89,2024-09-16,215.56227111816406,216.45911247240775,213.17066883128115,215.78148650258865,59357400
2024-09-17,2,0.03,0.0095,0.96,0.3247,2024-09-17,216.03060913085938,216.1402244248995,213.74863736172932,214.99425879157621,45519300
2024-09-18,1,0.039,0.084,0.876,-0.6485,2024-09-18,219.91696166992188,221.9298901997397,216.777986478492,216.7879611815548,59894900
2024-09-20,2,0.121,0.0,0.879,0.4921,2024-09-20,227.40065002441406,232.27352055331795,226.82267984404155,229.1644542640561,318679900
2024-09-25,2,0.2245,0.065,0.711,0.9132,2024-09-25,225.5770721435547,226.49384776666977,223.23531278607823,224.14211370551686,42308700
2024-09-26,1,0.167,0.0,0.833,0.9477,2024-09-26,226.72303771972656,227.69960067739044,224.62042810744603,226.50380712846774,36636700
2024-09-30,2,0.15,0.025,0.825,0.8071,2024-09-30,232.18385314941406,232.18385314941406,228.84558136748996,229.23421467656505,54541900
2024-10-01,2,0.132,0.0895,0.778,0.0003,2024-10-01,225.41763305664062,228.84557057238277,222.9562838134916,228.71603627902877,63285000
2024-10-03,1,0.04,0.104,0.856,-0.6996,2024-10-03,224.8795166015625,226.01552277761738,222.53775735368686,224.35137431302277,34044200
2024-10-07,2,0.101,0.065,0.8345,0.9505,2024-10-07,220.91346740722656,224.8994562199718,220.55472780586587,223.7136221153256,39505400
2024-10-09,1,0.05,0.018,0.932,0.7269,2024-10-09,228.7359619140625,228.94523301761674,224.0424685900414,224.44106139019914,33591100
2024-10-10,1,0.11,0.0,0.89,0.7906,2024-10-10,228.2377166748047,228.6961120865482,226.37427173832708,226.98213565099735,28183500
2024-10-11,1,0.176,0.059,0.765,0.9765,2024-10-11,226.75294494628906,228.60643037956845,226.54367384020586,228.4968150773993,31759200
2024-10-17,1,0.103,0.129,0.768,-0.9741,2024-10-17,231.33682250976562,233.0308799404877,229.71254238803704,232.6123377292532,32993800
2024-10-18,4,0.0507,0.0083,0.9413,0.4263,2024-10-18,234.1768341064453,235.35269346424636,233.19029643777657,235.35269346424636,46431500
2024-10-23,3,0.1163,0.0633,0.821,0.6109,2024-10-23,229.95169067382812,234.31635331873264,226.96219904424217,233.26006870913344,52287000
2024-10-25,1,0.026,0.05,0.924,-0.466,2024-10-25,230.5994110107422,232.40306843409212,228.76585988907573,228.935262581316,38802300
2024-10-28,1,0.102,0.076,0.821,0.8727,2024-10-28,232.5824432373047,233.9077863541258,231.73542973016842,232.50273684103132,36087100
2024-10-29,1,0.112,0.044,0.844,0.9851,2024-10-29,232.85150146484375,233.50919327337175,231.50623935322642,232.28350596136286,35417200
2024-10-30,1,0.172,0.029,0.798,0.9311,2024-10-30,229.2939910888672,232.6521814837961,228.74591463730954,231.7951933609985,47070900
2024-10-31,1,0.092,0.038,0.871,0.9512,2024-10-31,225.11868286132812,229.02495000446748,224.5805658660821,228.53666090957242,64370100
2024-11-01,6,0.122,0.0253,0.8527,0.6446,2024-11-01,222.12918090820312,224.56063636026596,219.4984290694042,220.1959740256502,65276700
2024-11-04,4,0.1177,0.0085,0.8738,0.7058,2024-11-04,221.23233032226562,222.0095968952219,218.94039900502227,220.21591416091667,44944500
2024-11-07,2,0.1405,0.054,0.8055,0.6843,2024-11-07,226.6831817626953,227.081789771112,223.7833864288354,223.8431738287627,42137700
2024-11-11,3,0.0607,0.0017,0.938,0.3796,2024-11-11,223.69039916992188,225.15686291743452,220.96697301971395,224.4585504714927,42005600
2024-11-12,2,0.142,0.1055,0.7525,0.2588,2024-11-12,223.69039916992188,225.04712701721013,222.82249764582772,224.00963641496367,40398300
2024-11-13,2,0.103,0.0285,0.8685,0.4869,2024-11-13,224.57826232910156,226.10457929193407,222.2239408664857,223.47093284409854,48566200
2024-11-18,1,0.087,0.0,0.913,0.7777,2024-11-18,227.47128295898438,229.18714506333228,224.62813528483125,224.70794459457642,44686000
2024-11-20,2,0.13,0.024,0.846,0.5103,2024-11-20,228.44891357421875,229.37666823104936,225.34639715216647,227.51117324017346,35169600
2024-11-21,1,0.122,0.03,0.848,0.9192,2024-11-21,227.97007751464844,229.60613029336434,225.16684213362325,228.3292117939797,42108300
2024-11-26,1,0.186,0.104,0.709,0.6027,2024-11-26,234.49432373046875,235.00310615337486,232.76849125195545,232.76849125195545,45986200
2024-11-27,2,0.0785,0.0735,0.848,0.0381,2024-11-27,234.36465454101562,235.12283541072824,233.24735459247512,233.90577001446655,33498400
2024-11-29,1,0.168,0.03,0.802,0.9908,2024-11-29,236.75888061523438,237.2377212602243,233.40696565616557,234.24494059041535,28481400
2024-12-02,2,0.039,0.0545,0.9065,0.1622,2024-12-02,239.013427734375,240.21053691361496,236.58928278806928,236.69901868412032,48137100
2024-12-03,4,0.0708,0.0515,0.8778,0.4704,2024-12-03,242.06607055664062,242.1758064568113,238.32509471728144,239.232908507596,38861000
2024-12-05,1,0.073,0.009,0.919,0.9594,2024-12-05,242.4551239013672,243.95151419061432,241.54732536132988,243.40284992887905,40033900
2024-12-06,1,0.17,0.013,0.817,0.9971,2024-12-06,242.25559997558594,244.04130085085734,241.49743440151175,242.32543882662802,36870600
2024-12-10,1,0.262,0.0,0.738,0.9097,2024-12-10,247.1737518310547,247.612695417372,244.7495916510093,246.2958646584201,36914800
2024-12-11,1,0.014,0.124,0.862,-0.8924,2024-12-11,245.89682006835938,250.196445491468,245.6673626102133,247.36328368802742,45205800
2024-12-12,2,0.1235,0.0485,0.8275,0.662,2024-12-12,247.36329650878906,248.1414182384854,245.08876927344312,246.2958641332418,32777500
2024-12-13,3,0.0997,0.0557,0.8447,-0.0134,2024-12-13,247.5328826904297,248.69007959411312,245.647431564018,247.223631137632,33155300
2024-12-16,4,0.0978,0.0258,0.8768,0.9406,2024-12-16,250.4358673095703,250.7750606707362,247.05402592958802,247.3932192907539,51694800
2024-12-17,1,0.185,0.149,0.665,0.7586,2024-12-17,252.8699951171875,253.21915892963332,249.1789022262073,249.47818331943677,51356400
2024-12-18,1,0.0,0.187,0.813,-0.4574,2024-12-18,247.4530792236328,253.66808268004456,247.14382766353577,251.55318925842403,56774100
2024-12-19,3,0.107,0.0593,0.834,0.8073,2024-12-19,249.1888885498047,251.3935770141874,246.49538898335234,246.90440599607692,60882300
2024-12-20,1,0.129,0.064,0.808,0.8841,2024-12-20,253.87759399414062,254.3863612366688,245.09876750312787,247.44310326755718,147495300
2024-12-26,1,0.161,0.021,0.817,0.9966,2024-12-26,258.39666748046875,259.47408555117545,257.0100282923795,257.56867823862046,27237100
2024-12-30,1,0.05,0.07,0.881,-0.6632,2024-12-30,251.5930938720703,252.8899685500744,250.14658624824915,251.62302046123375,35557500
2024-12-31,3,0.133,0.033,0.834,0.8819,2024-12-31,249.8173828125,252.670501064015,248.82975968702823,251.8325261089863,39480700
2025-01-03,2,0.1075,0.0345,0.858,0.7938,2025-01-03,242.7743682861328,243.5923870862029,241.3079045417172,242.7743682861328,40244100
2025-01-08,3,0.046,0.053,0.9017,0.1765,2025-01-08,242.11593627929688,243.12351544341067,239.47231962725974,241.33781457710975,37628900
2025-01-13,1,0.097,0.023,0.88,0.9429,2025-01-13,233.83592224121094,234.10527676213235,229.16719172961072,232.96802072299363,49630700
2025-01-15,1,0.0,0.108,0.892,-0.7317,2025-01-15,237.2975616455078,238.38495013235746,233.86583756026477,234.07533889356793,39832000
2025-01-17,1,0.096,0.011,0.893,0.9983,2025-01-17,229.4265594482422,231.73099810398455,227.93016912923343,231.5614090278119,68488300
2025-01-21,2,0.177,0.0445,0.7785,0.1925,2025-01-21,222.10421752929688,223.87993275191027,218.85206818023312,223.46094530610958,98070400
2025-01-22,1,0.105,0.049,0.847,0.886,2025-01-22,223.29135131835938,223.58064673096774,219.26106511921876,219.26106511921876,64126500
2025-01-23,3,0.115,0.136,0.7487,0.0746,2025-01-23,223.1217803955078,226.4836658384098,221.76505253825962,224.19918327232872,60234800
2025-01-24,2,0.162,0.0195,0.8185,0.6179,2025-01-24,222.24388122558594,225.08702882156655,220.877182986192,224.23906824814947,54697900
2025-01-27,3,0.0447,0.082,0.873,0.2692,2025-01-27,229.3068389892578,231.59132137138346,223.44098442848647,223.48089669223063,94863400
2025-01-28,5,0.1214,0.0502,0.8286,0.4537,2025-01-28,237.68663024902344,239.61199368769647,230.25456145518996,230.2944737209622,75707600
2025-01-29,1,0.115,0.065,0.82,0.9939,2025-01-29,238.78399658203125,239.2827933650634,233.4468649147594,233.55660081590926,45486100
2025-01-30,4,0.0835,0.1395,0.777,0.23,2025-01-30,237.0182342529297,240.21053038482776,236.63915907674937,238.09563705158317,55658300
2025-01-31,3,0.1077,0.0663,0.826,0.759,2025-01-31,235.4320831298828,246.59515764263173,232.87824601959832,246.59515764263173,101075100
2025-02-04,5,0.1482,0.0562,0.7958,0.3933,2025-02-04,232.23977661132812,232.5689843025687,226.10456727432145,226.70312948058964,45067300
2025-02-05,1,0.017,0.048,0.935,-0.6928,2025-02-05,231.9105682373047,232.11008389811693,227.72067847197073,227.98004730881974,39620300
2025-02-07,3,0.034,0.077,0.889,0.1822,2025-02-07,227.08221435546875,233.43688010961284,226.71309440770742,232.04025529180169,39707200
2025-02-10,2,0.1545,0.014,0.831,0.9966,2025-02-10,227.3518524169922,230.2880044885276,226.90244480659103,229.26935130196645,33115600
2025-02-12,3,0.1253,0.039,0.8353,0.9505,2025-02-12,236.55978393554688,236.64967765066982,230.377888084301,230.89721134547665,45243300
2025-02-14,3,0.0447,0.0617,0.8937,0.0779,2025-02-14,244.2796630859375,245.22841586050225,240.67439035154717,240.93404435379279,40896200
2025-02-18,3,0.091,0.0377,0.8713,0.4881,2025-02-18,244.14984130859375,244.85890295305822,241.52328070167576,243.83025306858283,48822500
2025-02-19,2,0.0575,0.1545,0.7885,-0.247,2025-02-19,244.54930114746094,245.68780753699892,242.84154918255663,244.33958470767533,32204200
2025-02-20,1,0.092,0.056,0.852,0.9245,2025-02-20,245.508056640625,246.4568094488268,243.9700649298591,244.61922281669615,32316900
2025-02-21,1,0.108,0.027,0.865,0.9292,2025-02-21,245.22842407226562,248.36431123309396,244.89885442060717,245.6278941258364,53197400
2025-02-24,4,0.0897,0.0045,0.9055,0.5649,2025-02-24,246.77639770507812,248.53408727873096,244.09989957647335,244.609226181644,51326400
2025-02-25,2,0.1375,0.0365,0.826,0.7497,2025-02-25,246.71646118164062,249.67259136851834,244.58926106556868,247.67521063757022,48013300
2025-02-26,1,0.177,0.023,0.8,0.9871,2025-02-26,240.0452117919922,244.65915630674968,238.8168269352331,244.01001367840516,44433600
2025-02-28,1,0.049,0.083,0.868,-0.2014,2025-02-28,241.5232696533203,241.77294223985544,229.89851463379637,236.63967447024518,56833400
2025-03-03,3,0.0233,0.036,0.9407,0.0318,2025-03-03,237.71826171875,243.71040379171194,235.80077808405883,241.47333193183624,47184000
2025-03-06,2,0.1085,0.101,0.7905,0.372,2025-03-06,235.0218048095703,237.54849020730907,232.8546485518437,234.13297099659667,45170400
2025-03-10,4,0.0432,0.0602,0.8965,-0.1231,2025-03-10,227.1820831298828,235.85072354308846,223.92635798057333,235.23152514577004,72071200
2025-03-11,1,0.08,0.073,0.847,0.7214,2025-03-11,220.55078125,225.54423318142804,217.16522145004404,223.51689291637274,76137400
2025-03-12,3,0.1117,0.0213,0.867,0.6072,2025-03-12,216.69583129882812,221.4595886104368,214.6285501658544,219.85169651198805,62547500
2025-03-17,3,0.1957,0.0367,0.7677,0.8434,2025-03-17,213.71974182128906,214.93814530685134,209.69502079955336,213.0306430192638,48073400
2025-03-19,6,0.1018,0.0545,0.8435,0.7513,2025-03-19,214.95811462402344,218.47349365471302,213.470060528986,213.93944620866878,54385400
2025-03-20,3,0.0987,0.0613,0.8403,0.3475,2025-03-20,213.81961059570312,217.20517028159983,211.94206785632258,213.70975404736055,48862900
2025-03-21,2,0.1075,0.03,0.862,0.5618,2025-03-21,217.98414611816406,218.5533916912833,211.0032951126973,211.2829271905112,94127800
2025-03-24,3,0.0747,0.003,0.9223,0.6083,2025-03-24,220.44091796875,221.1899357355996,218.29373979930335,220.71056863168138,44299500
2025-03-25,1,0.085,0.05,0.865,0.8832,2025-03-25,223.45697021484375,223.80651793975238,219.79177838679217,220.48087718007702,34493600
2025-03-28,2,0.089,0.0895,0.822,-0.0786,2025-03-28,217.6146240234375,223.51688772665744,217.39491092445158,221.3796909591809,39818600
2025-03-31,1,0.074,0.031,0.895,0.9657,2025-03-31,221.83909606933594,225.32451569687797,215.9468137615173,216.72579102857173,65299300
2025-04-01,1,0.096,0.064,0.84,0.7968,2025-04-01,222.897705078125,223.3870536043053,218.61331487709137,219.5221267668628,36412700
2025-04-02,3,0.0437,0.07,0.8863,-0.0657,2025-04-02,223.59678649902344,224.89508702876748,220.73055001137135,221.03016017035932,35905900
2025-04-03,11,0.084,0.0535,0.8625,0.1842,2025-04-03,202.9239044189453,207.2182761783418,200.9864426085102,205.27081771109022,103419000
2025-04-04,10,0.099,0.0714,0.8295,0.2604,2025-04-04,188.13330078125,199.61824028069563,187.09465424061224,193.6360793511012,125910900
2025-04-07,3,0.0913,0.033,0.8757,0.8935,2025-04-07,181.2223663330078,193.89573468350994,174.39131242893686,176.967935484531,160466300
2025-04-08,4,0.0155,0.0077,0.9768,0.2369,2025-04-08,172.19419860839844,190.09072892121037,168.9884109270566,186.4554964395268,120859500
2025-04-09,12,0.0842,0.1122,0.8037,0.0284,2025-04-09,198.58958435058594,200.3472738997123,171.6648855169899,171.72480450043201,184395900
2025-04-10,7,0.0699,0.1593,0.7709,0.1936,2025-04-10,190.17062377929688,194.52491452460524,182.76034285398336,188.82240088513313,121880000
2025-04-11,5,0.0876,0.1054,0.807,-0.1191,2025-04-11,197.89048767089844,199.27866665425725,185.81632494094944,185.856281088865,87435900
2025-04-14,5,0.08,0.111,0.8092,0.4098,2025-04-14,202.25477600097656,212.6611277249045,200.8965565016436,211.1630921847052,101352900
2025-04-15,1,0.069,0.036,0.894,0.7783,2025-04-15,201.87527465820312,203.24347561495443,199.53834280484799,201.59564256833872,51343900
2025-04-16,2,0.0905,0.063,0.847,0.3272,2025-04-16,194.0155792236328,200.4371508814261,192.11805840887246,198.10021911176236,59732400
2025-04-17,2,0.0735,0.031,0.895,0.4999,2025-04-17,196.72203063964844,198.56961397436802,194.16538565496842,196.94174374665747,51334300
2025-04-21,1,0.122,0.053,0.825,0.9226,2025-04-21,192.9070281982422,193.54618940120912,189.56140949031536,193.01688474432112,46742500
2025-04-22,2,0.073,0.0525,0.874,0.3558,2025-04-22,199.47842407226562,201.32599215129426,195.71335703344474,195.8631544964882,52976400
2025-04-23,4,0.0467,0.041,0.9123,-0.059,2025-04-23,204.33206176757812,207.7276030292648,202.5344160012944,205.7302222309065,52929200
2025-04-24,1,0.0,0.0,1.0,0.0,2025-04-24,208.09710693359375,208.5565112075726,202.67422555441442,204.62166872266098,47311000
2025-04-25,3,0.1183,0.0543,0.8273,0.8598,2025-04-25,209.00592041015625,209.47530610539675,205.92995222724628,206.0997277622984,38222300
2025-04-28,2,0.074,0.068,0.8575,0.054,2025-04-28,209.8647918701172,211.2230113707532,207.1883090170199,209.72497582911666,38743100
2025-04-29,1,0.159,0.038,0.803,0.9991,2025-04-29,210.9333953857422,211.96204522644123,208.09710321217068,208.41669143858087,36827600
2025-05-01,7,0.1851,0.0464,0.7683,0.7497,2025-05-01,213.04063415527344,214.2790004444518,208.62640936955898,208.80618155790114,57365700
2025-05-02,4,0.0377,0.0,0.9623,0.2275,2025-05-02,205.08106994628906,206.71892151455646,201.89524528415058,205.82009105417706,101010600
2025-05-05,4,0.0747,0.0515,0.8738,-0.0045,2025-05-05,198.62953186035156,203.83271551835597,197.9504297070337,202.83402512431957,69018500
2025-05-06,4,0.1098,0.0657,0.8247,0.4446,2025-05-06,198.25001525878906,200.38721199140494,196.7619763948813,197.9504203457911,51216500
2025-05-07,11,0.0876,0.0277,0.8845,0.5172,2025-05-07,195.99298095703125,199.1788056079939,192.99690991055434,198.90915494694545,68536700
2025-05-08,4,0.1512,0.0318,0.8173,0.547,2025-05-08,197.2313690185547,199.78801395815432,194.42503624466005,197.46106353953903,50478900
2025-05-09,2,0.1065,0.0555,0.838,0.2118,2025-05-09,198.27000427246094,200.2773664943336,197.28129528859796,198.739389980464,36453900
2025-05-12,5,0.1414,0.0438,0.815,0.4426,2025-05-12,210.7899932861328,211.27000427246094,206.75,210.97000122070312,63775800
2025-05-13,1,0.159,0.064,0.777,0.9354,2025-05-13,212.92999267578125,213.39999389648438,209.0,210.42999267578125,51909300
2025-05-14,5,0.132,0.0672,0.8006,0.3172,2025-05-14,212.3300018310547,213.94000244140625,210.5800018310547,212.42999267578125,49325800
2025-05-16,2,0.1005,0.011,0.8885,0.4879,2025-05-16,211.25999450683594,212.57000732421875,209.77000427246094,212.36000061035156,54737900
2025-05-19,3,0.1533,0.046,0.8007,0.3496,2025-05-19,208.77999877929688,209.47999572753906,204.25999450683594,207.91000366210938,46140500
2025-05-20,5,0.112,0.0776,0.8104,0.1923,2025-05-20,206.86000061035156,208.47000122070312,205.02999877929688,207.6699981689453,42496600
2025-05-21,4,0.0248,0.1018,0.8732,-0.1583,2025-05-21,202.08999633789062,207.0399932861328,200.7100067138672,205.1699981689453,59211800
2025-05-22,5,0.156,0.0608,0.783,0.9767,2025-05-22,201.36000061035156,202.75,199.6999969482422,200.7100067138672,46742400
2025-05-23,6,0.0462,0.0693,0.8845,-0.1613,2025-05-23,195.27000427246094,197.6999969482422,193.4600067138672,193.6699981689453,78432900
2025-05-27,2,0.074,0.074,0.8515,0.0601,2025-05-27,200.2100067138672,200.74000549316406,197.42999267578125,198.3000030517578,56288500
2025-05-29,5,0.0912,0.0502,0.8586,0.525,2025-05-29,199.9499969482422,203.80999755859375,198.50999450683594,203.5800018310547,51396800
2025-06-02,1,0.042,0.018,0.941,0.4505,2025-06-02,201.6999969482422,202.1300048828125,200.1199951171875,200.27999877929688,35423300
2025-06-03,2,0.0915,0.0365,0.872,0.7702,2025-06-03,203.27000427246094,203.77000427246094,200.9600067138672,201.35000610351562,46381600
2025-06-04,2,0.1075,0.0425,0.8505,0.1317,2025-06-04,202.82000732421875,206.24000549316406,202.10000610351562,202.91000366210938,43604000
2025-06-05,3,0.1463,0.0487,0.8053,0.9566,2025-06-05,200.6300048828125,204.75,200.14999389648438,203.5,55126100
2025-06-06,2,0.0945,0.0455,0.8595,0.8667,2025-06-06,203.9199981689453,205.6999969482422,202.0500030517578,203.0,46607700
2025-06-09,7,0.1161,0.0699,0.814,0.5365,2025-06-09,201.4499969482422,206.0,200.02000427246094,204.38999938964844,72862600
2025-06-10,5,0.1532,0.0236,0.8232,0.6978,2025-06-10,202.6699981689453,204.35000610351562,200.57000732421875,200.60000610351562,54672600
2025-06-11,6,0.098,0.084,0.818,0.1943,2025-06-11,198.77999877929688,204.5,198.41000366210938,203.5,60989900
2025-06-12,3,0.1217,0.0247,0.8533,0.8234,2025-06-12,199.1999969482422,199.67999267578125,197.36000061035156,199.0800018310547,43904600
2025-06-13,2,0.1175,0.0375,0.845,0.951,2025-06-13,196.4499969482422,200.3699951171875,195.6999969482422,199.72999572753906,51447300
2025-06-17,2,0.0635,0.03,0.906,0.4905,2025-06-17,195.63999938964844,198.38999938964844,195.2100067138672,197.1999969482422,38856200
2025-06-18,2,0.0855,0.0095,0.905,0.8158,2025-06-18,196.5800018310547,197.57000732421875,195.07000732421875,195.94000244140625,45394700
2025-06-20,1,0.207,0.026,0.767,0.9975,2025-06-20,201.0,201.6999969482422,196.86000061035156,198.24000549316406,96813500
2025-06-23,2,0.085,0.079,0.836,0.3293,2025-06-23,201.5,202.3000030517578,198.9600067138672,201.6300048828125,55814300
2025-06-24,4,0.117,0.0312,0.8515,0.9133,2025-06-24,200.3000030517578,203.44000244140625,200.1999969482422,202.58999633789062,54064000
2025-06-25,2,0.1255,0.093,0.7815,0.4634,2025-06-25,201.55999755859375,203.6699981689453,200.6199951171875,201.4499969482422,39525700
